{
	"format_version": "1.8.0",
	"animations": {
		"animation.black_spider.walk": {
			"loop": true,
			"animation_length": 1,
			"bones": {
				"back_left_leg": {
					"rotation": {
						"0.0": {
							"vector": [55.144, -45.34153, -49.856]
						},
						"0.25": {
							"vector": [0, -17.70928, -49.63479]
						},
						"0.5": {
							"vector": [-23.2931, 6.75984, -33.95003]
						},
						"0.75": {
							"vector": [12.62555, -19.87847, -40.1396]
						},
						"1.0": {
							"vector": [55.144, -45.34153, -49.856]
						}
					}
				},
				"back_left_leg_1": {
					"rotation": {
						"0.0": {
							"vector": [7.5, 0, 52.5]
						},
						"0.5": {
							"vector": [3.33017, -0.14532, 54.99578]
						},
						"0.75": {
							"vector": [-0.64091, 7.42053, 58.91657]
						},
						"1.0": {
							"vector": [7.5, 0, 52.5]
						}
					}
				},
				"back_left_leg_2": {
					"rotation": {
						"0.0": {
							"vector": [0, 0, 15]
						},
						"0.5": {
							"vector": [0, 1.75724, 11.1595]
						},
						"0.75": {
							"vector": [0, 0, 12.5]
						},
						"1.0": {
							"vector": [0, 0, 15]
						}
					}
				},
				"middle_left_leg": {
					"rotation": {
						"0.0": {
							"vector": [-32.57224, 6.48622, -29.34688]
						},
						"0.125": {
							"vector": [-7.11563, -0.469, -31.4742]
						},
						"0.25": {
							"vector": [18.91831, 0.18706, -25.45699]
						},
						"0.5": {
							"vector": [37.18249, -26.7724, -9.44134]
						},
						"0.75": {
							"vector": [-14.21855, -17.8853, -33.74861]
						},
						"1.0": {
							"vector": [-32.57224, 6.48622, -29.34688]
						}
					}
				},
				"middle_left_leg2": {
					"rotation": {
						"0.0": {
							"vector": [35.49849, -19.34328, -13.74219]
						},
						"0.125": {
							"vector": [31.78084, -4.96869, -16.98402]
						},
						"0.2083": {
							"vector": [36.36539, 7.96205, -19.82243]
						},
						"0.3333": {
							"vector": [-6.10699, 20.77833, -35.04874]
						},
						"0.5": {
							"vector": [-46.78836, 39.80115, -11.57806]
						},
						"0.75": {
							"vector": [-8.46321, 8.06257, -30.25202]
						},
						"0.875": {
							"vector": [28.51764, -5.64036, -21.99711]
						},
						"1.0": {
							"vector": [35.49849, -19.34328, -13.74219]
						}
					}
				},
				"front_left_leg": {
					"rotation": {
						"0.0": {
							"vector": [-28.63749, 53.74862, -16.47825]
						},
						"0.2083": {
							"vector": [-28.05385, 36.74599, -37.0996]
						},
						"0.375": {
							"vector": [-21.31164, 27.13692, -43.37791]
						},
						"0.5": {
							"vector": [-11.13484, 28.05761, -54.11188]
						},
						"0.625": {
							"vector": [-33.92682, 23.26912, -48.70402]
						},
						"0.75": {
							"vector": [-41.7188, 18.48062, -43.29617]
						},
						"1.0": {
							"vector": [-28.63749, 53.74862, -16.47825]
						}
					}
				},
				"back_left_leg_7": {
					"rotation": {
						"0.0": {
							"vector": [0, 0, 11]
						},
						"0.2083": {
							"vector": [-0.00072, 4.16668, 40.16131]
						},
						"0.375": {
							"vector": [-0.32902, 7.49282, 58.97846]
						},
						"0.5": {
							"vector": [0, 0, 80]
						},
						"0.75": {
							"vector": [0, 0, 36.25]
						},
						"1.0": {
							"vector": [0, 0, 11]
						}
					}
				},
				"back_left_leg_8": {
					"rotation": {
						"0.0": {
							"vector": [-10.06589, -0.42906, 9.96228]
						},
						"0.2083": {
							"vector": [-4.86077, -8.27614, 22.17692]
						},
						"0.375": {
							"vector": [-0.94869, -1.82484, 33.58755]
						},
						"0.5": {
							"vector": [8.45862, -5.35355, 32.10382]
						},
						"0.75": {
							"vector": [-0.02727, -3.00069, 6.01348]
						},
						"1.0": {
							"vector": [-10.06589, -0.42906, 9.96228]
						}
					}
				},
				"back_left_leg_5": {
					"rotation": {
						"0.0": {
							"vector": [0, 0, 55]
						},
						"0.25": {
							"vector": [0.21719, 2.48098, 28.1636]
						},
						"0.5": {
							"vector": [0.4352, 4.96192, 1.33665]
						},
						"0.75": {
							"vector": [0.21719, 2.48098, 28.1636]
						},
						"0.9167": {
							"vector": [0.03625, 0.82936, 43.55427]
						},
						"1.0": {
							"vector": [0, 0, 55]
						}
					}
				},
				"back_left_leg_6": {
					"rotation": {
						"0.0": {
							"vector": [0, 0, 2.5]
						},
						"0.125": {
							"vector": [0, 0, 33.75]
						},
						"0.25": {
							"vector": [0, 0, 52.5]
						},
						"0.75": {
							"vector": [0, 0, 10]
						},
						"1.0": {
							"vector": [0, 0, 2.5]
						}
					}
				},
				"core": {
					"position": {
						"vector": [0, 0.5, 3]
					}
				},
				"back_left_leg_3": {
					"rotation": {
						"0.0": {
							"vector": [0, -10, 25]
						},
						"0.125": {
							"vector": [-1.96024, -9.74187, 36.41854]
						},
						"0.2083": {
							"vector": [-4.61954, -8.61603, 53.26659]
						},
						"0.3333": {
							"vector": [0.49431, -9.17404, 21.96906]
						},
						"0.5": {
							"vector": [2.61298, -9.65594, 9.77926]
						},
						"0.75": {
							"vector": [-1.73866, -9.76143, 35.15044]
						},
						"1.0": {
							"vector": [0, -10, 25]
						}
					}
				},
				"back_left_leg_4": {
					"rotation": {
						"0.0": {
							"vector": [0, 0, 15]
						},
						"0.125": {
							"vector": [0, -22.5, 33.13]
						},
						"0.2083": {
							"vector": [0, -22.5, 50.21]
						},
						"0.25": {
							"vector": [0, 0, 58.75]
						},
						"0.5": {
							"vector": [0, 0, -2.5]
						},
						"0.75": {
							"vector": [0, 0, 48.75]
						},
						"0.875": {
							"vector": [0, 0, 36.88]
						},
						"1.0": {
							"vector": [0, 0, 15]
						}
					}
				},
				"sack": {
					"rotation": {
						"0.0": {
							"vector": [14.5, -0.00002, 0.00002]
						},
						"0.25": {
							"vector": [17.64168, -5.151, -2.26708]
						},
						"0.5": {
							"vector": [14.5, -0.00002, 0.00002]
						},
						"0.75": {
							"vector": [17.64168, 5.151, 2.2671]
						},
						"1.0": {
							"vector": [14.5, -0.00002, 0.00002]
						}
					}
				},
				"back_right_leg": {
					"rotation": {
						"0.0": {
							"vector": [-23.2931, -6.7598, 33.95]
						},
						"0.25": {
							"vector": [12.62555, 19.8785, 40.1396]
						},
						"0.5": {
							"vector": [55.144, 45.3415, 49.856]
						},
						"0.75": {
							"vector": [0, 17.7093, 49.6348]
						},
						"1.0": {
							"vector": [-23.2931, -6.7598, 33.95]
						}
					}
				},
				"back_right_leg_1": {
					"rotation": {
						"0.0": {
							"vector": [3.33017, 0.1453, -54.9958]
						},
						"0.25": {
							"vector": [-0.64091, -7.4205, -58.9166]
						},
						"0.5": {
							"vector": [7.5, 0, -52.5]
						},
						"1.0": {
							"vector": [3.33017, 0.1453, -54.9958]
						}
					}
				},
				"back_right_leg_2": {
					"rotation": {
						"0.0": {
							"vector": [0, -1.7572, -11.1595]
						},
						"0.25": {
							"vector": [0, 0, -12.5]
						},
						"0.5": {
							"vector": [0, 0, -15]
						},
						"1.0": {
							"vector": [0, -1.7572, -11.1595]
						}
					}
				},
				"middle_right_leg": {
					"rotation": {
						"0.0": {
							"vector": [37.18249, 26.7724, 9.4413]
						},
						"0.25": {
							"vector": [-14.21855, 17.8853, 33.7486]
						},
						"0.5": {
							"vector": [-32.57224, -6.4862, 29.3469]
						},
						"0.625": {
							"vector": [-7.11563, 0.469, 31.4742]
						},
						"0.75": {
							"vector": [18.91831, -0.1871, 25.457]
						},
						"1.0": {
							"vector": [38.14824, 25.24457, 11.64324]
						}
					}
				},
				"back_right_leg_5": {
					"rotation": {
						"0.0": {
							"vector": [0.4352, -4.9619, -1.3367]
						},
						"0.25": {
							"vector": [0.21719, -2.481, -28.1636]
						},
						"0.4167": {
							"vector": [0.03625, -0.8294, -43.5543]
						},
						"0.5": {
							"vector": [0, 0, -55]
						},
						"0.75": {
							"vector": [0.21719, -2.481, -28.1636]
						},